[1]ANNOID	query.chr	query.start	query.chr2	query.end	query.id	query.qual	query.svtype	query.ct	query.svlen	query.startfeature	query.endfeature	query.containedfeature
id000000000	chr16	6304745	chr16	6305328	DEL00001749	5791	DEL	3to5	583	ENSCAFG00000003615.5(0;-)	NA	NA
id000000001	chr16	6305449	chr16	6306325	DEL00001751	8100	DEL	3to5	876	ENSCAFG00000003615.5(0;-)	NA	NA
id000000002	chr16	6306504	chr16	6306605	DEL00001752	900	DEL	3to5	101	ENSCAFG00000003615.5(0;-)	NA	NA
id000000003	chr16	6306776	chr16	6306890	DEL00001754	420	DEL	3to5	114	ENSCAFG00000003615.5(0;-)	ENSCAFG00000003615.5(0;-)	NA
id000000004	chr16	6307009	chr16	6311148	DEL00001755	1920	DEL	3to5	4139	ENSCAFG00000003615.5(0;-)	NA	NA
id000000005	chr21	28668718	chr21	28668755	DEL00003727	300	DEL	3to5	37	NA	NA	NA
id000000006	chr23	43973438	chr20	50487038	BND00004154	480	BND	5to5	0	NA	ENSCAFG00000017651.4(0;-)	NA
id000000007	chr37	480335	chr10	1217555	BND00006908	3840	BND	5to5	0	NA	NA	NA
id000000008	chr37	16212128	chr37	16214386	INV00006997	780	INV	3to3	2258	NA	NA	NA
id000000009	chr37	16214123	chr37	16247875	DUP00006998	1200	DUP	5to3	33752	NA	NA	NA
id000000010	chr37	26083139	chr37	26121705	INV00007042	600	INV	5to5	38566	ENSCAFG00000015653.4(0;+)	ENSCAFG00000015687.5(0;+)	ENSCAFG00000011952.4(-),ENSCAFG00000011952.4(-),ENSCAFG00000015687.5(+),ENSCAFG00000015687.5(+),ENSCAFG00000015687.5(+),ENSCAFG00000015687.5(+),ENSCAFG00000015687.5(+),ENSCAFG00000015687.5(+),ENSCAFG00000015687.5(+),ENSCAFG00000015687.5(+),ENSCAFG00000015687.5(+),ENSCAFG00000015687.5(+),ENSCAFG00000015687.5(+),ENSCAFG00000015687.5(+),ENSCAFG00000015687.5(+),ENSCAFG00000015687.5(+),ENSCAFG00000015687.5(+),ENSCAFG00000015687.5(+),ENSCAFG00000015687.5(+),ENSCAFG00000015687.5(+),ENSCAFG00000015687.5(+),ENSCAFG00000015687.5(+),ENSCAFG00000015687.5(+),ENSCAFG00000015687.5(+)
id000000011	chr38	1161423	chr23	44798949	BND00007060	5940	BND	5to3	0	NA	NA	NA
id000000012	chr38	6913905	chr20	40627112	BND00007096	1440	BND	3to3	0	NA	NA	NA
id000000013	chr38	14491458	chr38	14884384	INV00007105	720	INV	5to5	392926	NA	NA	ENSCAFG00000010842.4(-),ENSCAFG00000010842.4(-),ENSCAFG00000010842.4(-),ENSCAFG00000010842.4(-),ENSCAFG00000010873.4(-),ENSCAFG00000010873.4(-),ENSCAFG00000010873.4(-),ENSCAFG00000010873.4(-),ENSCAFG00000010873.4(-),ENSCAFG00000010873.4(-),ENSCAFG00000010873.4(-),ENSCAFG00000010873.4(-),ENSCAFG00000010873.4(-),ENSCAFG00000010873.4(-),ENSCAFG00000010873.4(-),ENSCAFG00000010873.4(-),ENSCAFG00000010873.4(-),ENSCAFG00000010873.4(-),ENSCAFG00000010873.4(-),ENSCAFG00000010873.4(-),ENSCAFG00000010873.4(-),ENSCAFG00000010873.4(-),ENSCAFG00000010873.4(-),ENSCAFG00000010873.4(-),ENSCAFG00000010873.4(-),ENSCAFG00000010873.4(-),ENSCAFG00000010873.4(-),ENSCAFG00000010873.4(-),ENSCAFG00000010873.4(-),ENSCAFG00000010873.4(-),ENSCAFG00000010873.4(-),ENSCAFG00000010873.4(-),ENSCAFG00000010873.4(-),ENSCAFG00000010873.4(-),ENSCAFG00000010873.4(-),ENSCAFG00000010873.4(-),ENSCAFG00000010873.4(-),ENSCAFG00000010873.4(-),ENSCAFG00000010873.4(-),ENSCAFG00000010927.5(-),ENSCAFG00000010927.5(-),ENSCAFG00000010927.5(-),ENSCAFG00000010927.5(-),ENSCAFG00000010927.5(-),ENSCAFG00000010927.5(-),ENSCAFG00000010927.5(-),ENSCAFG00000010927.5(-),ENSCAFG00000010927.5(-),ENSCAFG00000010927.5(-),ENSCAFG00000046841.1(-),ENSCAFG00000010952.4(+),ENSCAFG00000010952.4(+),ENSCAFG00000010952.4(+),ENSCAFG00000010952.4(+),ENSCAFG00000010952.4(+),ENSCAFG00000010952.4(+),ENSCAFG00000010952.4(+)
id000000014	chr5	11600828	chr20	40627134	BND00007564	2100	BND	3to3	0	NA	NA	NA
id000000015	chr5	12572934	chr5	13073221	DEL00007578	900	DEL	3to5	500287	NA	NA	ENSCAFG00000011745.5(-),ENSCAFG00000011745.5(-),ENSCAFG00000011745.5(-),ENSCAFG00000011745.5(-),ENSCAFG00000011745.5(-),ENSCAFG00000011745.5(-),ENSCAFG00000011745.5(-),ENSCAFG00000011745.5(-),ENSCAFG00000011745.5(-),ENSCAFG00000011745.5(-),ENSCAFG00000011745.5(-),ENSCAFG00000011745.5(-),ENSCAFG00000011745.5(-),ENSCAFG00000011745.5(-),ENSCAFG00000011805.3(-),ENSCAFG00000011805.3(-),ENSCAFG00000011805.3(-),ENSCAFG00000011805.3(-),ENSCAFG00000011805.3(-),ENSCAFG00000043589.1(-),ENSCAFG00000011819.3(-),ENSCAFG00000011819.3(-),ENSCAFG00000011819.3(-),ENSCAFG00000011819.3(-),ENSCAFG00000011819.3(-),ENSCAFG00000011819.3(-),ENSCAFG00000011819.3(-),ENSCAFG00000011819.3(-),ENSCAFG00000011819.3(-),ENSCAFG00000011819.3(-),ENSCAFG00000011819.3(-),ENSCAFG00000011819.3(-),ENSCAFG00000011819.3(-),ENSCAFG00000011819.3(-),ENSCAFG00000011819.3(-),ENSCAFG00000011819.3(-),ENSCAFG00000011819.3(-),ENSCAFG00000011819.3(-),ENSCAFG00000011819.3(-),ENSCAFG00000011819.3(-),ENSCAFG00000011819.3(-),ENSCAFG00000011819.3(-),ENSCAFG00000011819.3(-),ENSCAFG00000011858.4(-),ENSCAFG00000011858.4(-),ENSCAFG00000011858.4(-),ENSCAFG00000011858.4(-),ENSCAFG00000011858.4(-),ENSCAFG00000011858.4(-),ENSCAFG00000011858.4(-)
id000000016	chr5	12593734	chr5	12824063	INV00007579	4516	INV	5to5	230329	NA	NA	ENSCAFG00000011745.5(-),ENSCAFG00000011745.5(-),ENSCAFG00000011745.5(-),ENSCAFG00000011745.5(-),ENSCAFG00000011745.5(-),ENSCAFG00000011745.5(-),ENSCAFG00000011745.5(-),ENSCAFG00000011745.5(-),ENSCAFG00000011745.5(-),ENSCAFG00000011745.5(-),ENSCAFG00000011745.5(-),ENSCAFG00000011805.3(-),ENSCAFG00000011805.3(-),ENSCAFG00000011805.3(-),ENSCAFG00000011805.3(-),ENSCAFG00000011805.3(-),ENSCAFG00000043589.1(-)
id000000017	chr5	12810702	chr5	13073442	INV00007588	840	INV	5to5	262740	NA	NA	ENSCAFG00000011819.3(-),ENSCAFG00000011819.3(-),ENSCAFG00000011819.3(-),ENSCAFG00000011819.3(-),ENSCAFG00000011819.3(-),ENSCAFG00000011819.3(-),ENSCAFG00000011819.3(-),ENSCAFG00000011819.3(-),ENSCAFG00000011819.3(-),ENSCAFG00000011819.3(-),ENSCAFG00000011819.3(-),ENSCAFG00000011819.3(-),ENSCAFG00000011819.3(-),ENSCAFG00000011819.3(-),ENSCAFG00000011819.3(-),ENSCAFG00000011819.3(-),ENSCAFG00000011819.3(-),ENSCAFG00000011819.3(-),ENSCAFG00000011819.3(-),ENSCAFG00000011819.3(-),ENSCAFG00000011819.3(-),ENSCAFG00000011819.3(-),ENSCAFG00000011819.3(-),ENSCAFG00000011858.4(-),ENSCAFG00000011858.4(-),ENSCAFG00000011858.4(-),ENSCAFG00000011858.4(-),ENSCAFG00000011858.4(-),ENSCAFG00000011858.4(-),ENSCAFG00000011858.4(-)
id000000018	chr5	12810830	chr5	13068511	DEL00007589	840	DEL	3to5	257681	NA	NA	ENSCAFG00000011819.3(-),ENSCAFG00000011819.3(-),ENSCAFG00000011819.3(-),ENSCAFG00000011819.3(-),ENSCAFG00000011819.3(-),ENSCAFG00000011819.3(-),ENSCAFG00000011819.3(-),ENSCAFG00000011819.3(-),ENSCAFG00000011819.3(-),ENSCAFG00000011819.3(-),ENSCAFG00000011819.3(-),ENSCAFG00000011819.3(-),ENSCAFG00000011819.3(-),ENSCAFG00000011819.3(-),ENSCAFG00000011819.3(-),ENSCAFG00000011819.3(-),ENSCAFG00000011819.3(-),ENSCAFG00000011819.3(-),ENSCAFG00000011819.3(-),ENSCAFG00000011819.3(-),ENSCAFG00000011819.3(-),ENSCAFG00000011819.3(-),ENSCAFG00000011819.3(-),ENSCAFG00000011858.4(-),ENSCAFG00000011858.4(-),ENSCAFG00000011858.4(-),ENSCAFG00000011858.4(-),ENSCAFG00000011858.4(-),ENSCAFG00000011858.4(-),ENSCAFG00000011858.4(-)
id000000019	chr5	13596739	chr22	28002294	BND00007606	1320	BND	3to5	0	NA	NA	NA
id000000020	chr5	72090091	chr23	11749410	BND00007853	1200	BND	5to3	0	NA	ENSCAFG00000005332.4(0;+)	NA
